film_title,person_name,role,credit_order,added_at,removed_at,survival_hours,outcome
Patlabor EZY: File 3,Ami Koshimizu,cast,2,2026-08-12T07:50:48.900821+00:00,,,attached
Patlabor EZY: File 3,Setsuji Sato,cast,4,2026-08-12T07:50:48.900821+00:00,,,attached
Patlabor EZY: File 3,Chikahiro Kobayashi,cast,3,2026-08-12T07:50:48.900821+00:00,,,attached
The Seven Husbands of Evelyn Hugo,Joe Alwyn,cast,,2026-08-12T07:52:00.453997+00:00,2026-08-16T08:54:39.943114+00:00,97.044303,reverted
The Seven Husbands of Evelyn Hugo,Hunter Schafer,cast,,2026-08-12T07:52:00.453997+00:00,2026-08-15T08:04:11.625986+00:00,72.203103,reverted
The Last Days of Napoléon,Sercan Yüzbaşıoğlu,cast,0,2026-08-12T07:53:31.005238+00:00,,,attached
Ramba Oorvasi Menaka,Chandra Mohan Chintada,director,,2026-08-12T07:53:39.015625+00:00,,,attached
Ramba Oorvasi Menaka,Chandra Mohan Chintada,writer,,2026-08-12T07:53:39.015625+00:00,,,attached
Ramba Oorvasi Menaka,Raashi Singh,cast,5,2026-08-12T07:53:39.015625+00:00,2026-08-25T09:03:43.099662+00:00,313.167801,reverted
Ramba Oorvasi Menaka,Vishnu Priya Bhimeneni,cast,4,2026-08-12T07:53:39.015625+00:00,,,attached
Patlabor EZY: File 2,Ami Koshimizu,cast,2,2026-08-12T07:54:24.431317+00:00,,,attached
Patlabor EZY: File 2,Setsuji Sato,cast,4,2026-08-12T07:54:24.431317+00:00,,,attached
Primetime,Matthew Maher,cast,4,2026-08-12T09:00:26.887987+00:00,,,attached
Primetime,Phoebe Bridgers,cast,3,2026-08-12T09:00:26.887987+00:00,,,attached
Animals,Adriana Paz,cast,4,2026-08-13T07:55:25.696136+00:00,,,attached
Untitled Shang-Chi and the Legend of the Ten Rings Sequel,Destin Daniel Cretton,writer,,2026-08-13T07:55:42.456842+00:00,,,attached
Queen Victoria Aar Goyenda Kanaichawron,Shankar Chakraborty,cast,3,2026-08-13T07:57:50.674658+00:00,,,attached
Queen Victoria Aar Goyenda Kanaichawron,Sujoy Prasad Chatterjee,cast,2,2026-08-13T07:57:50.674658+00:00,,,attached
Người Mẹ Xấu,Hồng Đào,cast,2,2026-08-13T08:00:55.548133+00:00,,,attached
Người Mẹ Xấu,Kim Phương,cast,4,2026-08-13T08:00:55.548133+00:00,,,attached
Người Mẹ Xấu,Ngô Phạm Hạnh Thúy,cast,3,2026-08-13T08:00:55.548133+00:00,,,attached
The Hunger Games: Sunrise on the Reaping,Whitney Peak,cast,4,2026-08-13T09:00:28.351368+00:00,,,attached
Miami Vice '85,Alden Ehrenreich,cast,2,2026-08-13T09:02:20.925149+00:00,,,attached
Falling House,Mohsen Gharaie,writer,,2026-08-13T09:03:02.703024+00:00,,,attached
Falling House,Amir Mohammad Abdi,writer,,2026-08-13T09:03:02.703024+00:00,,,attached
Furies,Issam Bou Khaled,cast,3,2026-08-13T09:03:50.119193+00:00,,,attached
Furies,Hasan Akil,cast,2,2026-08-13T09:03:50.119193+00:00,,,attached
Furies,Maria Nakouzi,cast,0,2026-08-13T09:03:50.119193+00:00,,,attached
Furies,Rym Mroue,cast,1,2026-08-13T09:03:50.119193+00:00,,,attached
Seyon,Seeman,cast,3,2026-08-13T09:03:52.185783+00:00,,,attached
Dominion of Darkness: Rephaim,Andri Cahyadi,writer,,2026-08-13T09:04:19.080691+00:00,,,attached
Final Invasion,Anthony Michael Hall,cast,2,2026-08-14T07:57:32.944185+00:00,,,attached
Final Invasion,Claire Forlani,cast,3,2026-08-14T07:57:32.944185+00:00,,,attached
Final Invasion,Stephen Lang,cast,1,2026-08-14T07:57:32.944185+00:00,,,attached
Final Invasion,Emile Hirsch,cast,0,2026-08-14T07:57:32.944185+00:00,,,attached
Between 2 Families,Fatih Artman,cast,4,2026-08-14T07:58:43.475545+00:00,,,attached
Untitled Ron Howard Firefighter Film,D.C. Shen,writer,,2026-08-14T07:59:13.741888+00:00,2026-08-19T09:24:37.577180+00:00,121.423288,reverted
Untitled Ron Howard Firefighter Film,Alan Bell,cast,,2026-08-14T07:59:13.741888+00:00,2026-08-19T09:24:37.577180+00:00,121.423288,reverted
Untitled Ron Howard Firefighter Film,Jack Black,cast,,2026-08-14T07:59:13.741888+00:00,2026-08-19T09:24:37.577180+00:00,121.423288,reverted
Toy Story 6,Tom Hanks,cast,0,2026-08-14T08:03:26.209183+00:00,,,attached
Toy Story 6,Tim Allen,cast,2,2026-08-14T08:03:26.209183+00:00,,,attached
Toy Story 6,Tony Hale,cast,3,2026-08-14T08:03:26.209183+00:00,,,attached
Toy Story 6,Greta Lee,cast,4,2026-08-14T08:03:26.209183+00:00,,,attached
Death Whisperer: Saming the Werebeast,Sahajak Boonthanakit,cast,4,2026-08-14T09:00:38.456899+00:00,,,attached
Inherit,Trin Settachoke,cast,4,2026-08-14T09:02:27.291075+00:00,,,attached
George Krish,Gopi Mohan,writer,,2026-08-15T07:58:52.221294+00:00,,,attached
George Krish,Nandu Savirigana,writer,,2026-08-15T07:58:52.221294+00:00,,,attached
Beautiful Pain,Tarra Budiman,cast,2,2026-08-15T08:01:15.248766+00:00,,,attached
Beautiful Pain,Baim Wong,cast,1,2026-08-15T08:01:15.248766+00:00,,,attached
Beautiful Pain,Sha Ine Febriyanti,cast,4,2026-08-15T08:01:15.248766+00:00,,,attached
Zootopia 3,Ke Huy Quan,cast,2,2026-08-15T08:02:34.676882+00:00,,,attached
Gaston,Glen Powell,cast,0,2026-08-15T08:02:36.082279+00:00,,,attached
The Seven Husbands of Evelyn Hugo,Taylor Swift,cast,,2026-08-15T08:04:11.625986+00:00,2026-08-16T08:54:39.943114+00:00,24.841199,reverted
The Seven Husbands of Evelyn Hugo,Karlie Kloss,cast,,2026-08-15T08:04:11.625986+00:00,2026-08-16T08:54:39.943114+00:00,24.841199,reverted
The Seven Husbands of Evelyn Hugo,Paul Mescal,cast,,2026-08-15T08:04:11.625986+00:00,2026-08-16T08:54:39.943114+00:00,24.841199,reverted
Untitled Michael Sequel,Nia Long,cast,,2026-08-15T08:06:03.379701+00:00,2026-08-19T09:29:03.082928+00:00,97.383251,reverted
Untitled Michael Sequel,Teresa Palmer,cast,,2026-08-15T08:06:03.379701+00:00,2026-08-19T09:29:03.082928+00:00,97.383251,reverted
Untitled Michael Sequel,Colman Domingo,cast,,2026-08-15T08:06:03.379701+00:00,2026-08-19T09:29:03.082928+00:00,97.383251,reverted
Untitled Michael Sequel,Riley Keough,cast,,2026-08-15T08:06:03.379701+00:00,2026-08-19T09:29:03.082928+00:00,97.383251,reverted
Untitled Michael Sequel,Jaafar Jackson,cast,0,2026-08-15T08:06:03.379701+00:00,,,attached
Leite em Pó,Titina Medeiros,cast,4,2026-08-15T08:06:44.784633+00:00,,,attached
The Nest,Hugo Stuven Casasnovas,director,,2026-08-15T08:07:02.354559+00:00,,,attached
The Nest,Hugo Stuven Casasnovas,writer,,2026-08-15T08:07:02.354559+00:00,,,attached
The Nest,Santiago Lallana,writer,,2026-08-15T08:07:02.354559+00:00,,,attached
The Nest,César de Nicolás,writer,,2026-08-15T08:07:02.354559+00:00,,,attached
The Nest,Dylan Radley,cast,3,2026-08-15T08:07:02.354559+00:00,,,attached
Spider-Man: Beyond the Spider-Verse,Jason Schwartzman,cast,3,2026-08-15T09:00:24.302920+00:00,,,attached
Spider-Man: Beyond the Spider-Verse,Jake Johnson,cast,4,2026-08-15T09:00:24.302920+00:00,,,attached
Hexed,Jodie Foster,cast,4,2026-08-15T09:00:31.174647+00:00,,,attached
Just Play Dead,Eoin Macken,cast,3,2026-08-15T09:00:43.627395+00:00,,,attached
Just Play Dead,Jason Fernández,cast,4,2026-08-15T09:00:43.627395+00:00,,,attached
Black Market,Abdul Tijani-Ahmed,writer,,2026-08-15T09:01:00.654661+00:00,,,attached
Black Market,Fatimah Binta Gimsay,writer,,2026-08-15T09:01:00.654661+00:00,,,attached
Incredibles 3,Bob Odenkirk,cast,6,2026-08-15T09:01:01.961387+00:00,2026-08-16T09:01:01.545091+00:00,23.999884,reverted
Glaxo,Joaquín Bonadeo,cast,3,2026-08-15T09:01:13.571662+00:00,,,attached
Siti Vampire,Shania Gracia,cast,3,2026-08-15T09:01:41.315664+00:00,,,attached
Djinn Wedding,Ferit Karahan,writer,,2026-08-15T09:04:29.269400+00:00,,,attached
Djinn Wedding,Demet Özdemir,cast,0,2026-08-15T09:04:29.269400+00:00,,,attached
Djinn Wedding,Kaan Yıldırım,cast,2,2026-08-15T09:04:29.269400+00:00,,,attached
Djinn Wedding,Helin Kandemir,cast,4,2026-08-15T09:04:29.269400+00:00,,,attached
Djinn Wedding,İlhan Şen,cast,1,2026-08-15T09:04:29.269400+00:00,,,attached
Djinn Wedding,Sarp Bozkurt,cast,3,2026-08-15T09:04:29.269400+00:00,,,attached
One Minute to Midnight,Clara Pacini,cast,4,2026-08-16T08:37:15.387175+00:00,,,attached
Before the War,Cisky Capizzi,cast,4,2026-08-16T08:44:32.699497+00:00,,,attached
Before the War,Sebastien Halnaut,cast,3,2026-08-16T08:44:32.699497+00:00,,,attached
Streetball: Game Over,Kenny Young,director,,2026-08-16T08:45:20.081553+00:00,,,attached
The Eyes Are the Best Part,Yerin Ha,cast,,2026-08-16T08:45:45.232536+00:00,2026-08-17T09:12:36.697187+00:00,24.447629,reverted
A Town in Nova Scotia,Tayo Aluko,cast,3,2026-08-16T08:46:36.597680+00:00,,,attached
Bohurupi: The Golden Daku,Rajatabha Dutta,cast,4,2026-08-16T08:49:22.734867+00:00,,,attached
The Echo Chamber,Peter Coonan,cast,4,2026-08-16T08:50:13.408283+00:00,,,attached
The Echo Chamber,Ann Akinjirin,cast,3,2026-08-16T08:50:13.408283+00:00,,,attached
Youth Juice,Charlie Besso,cast,4,2026-08-16T08:54:20.149255+00:00,,,attached
The Seven Husbands of Evelyn Hugo,Anne Hathaway,cast,,2026-08-16T08:54:39.943114+00:00,2026-08-17T09:21:24.452493+00:00,24.445697,reverted
The Seven Husbands of Evelyn Hugo,Emily Blunt,cast,,2026-08-16T08:54:39.943114+00:00,2026-08-17T09:21:24.452493+00:00,24.445697,reverted
Captain Bonanza!,Nino Perricone,cast,4,2026-08-16T08:57:06.440396+00:00,,,attached
Drummer Boy,Charles Esten,cast,4,2026-08-16T08:57:18.130761+00:00,,,attached
Untitled X-Men Film,Christopher Abbott,cast,2,2026-08-16T09:00:22.459040+00:00,,,attached
Untitled X-Men Film,Inde Navarrette,cast,4,2026-08-16T09:00:22.459040+00:00,,,attached
Incredibles 3,Samuel L. Jackson,cast,4,2026-08-16T09:01:01.545091+00:00,,,attached
Incredibles 3,Huck Milner,cast,3,2026-08-16T09:01:01.545091+00:00,,,attached
Youri,Rick Paul van Mulligen,cast,3,2026-08-16T09:01:03.898200+00:00,,,attached
Youri,Julia Akkermans,cast,2,2026-08-16T09:01:03.898200+00:00,,,attached
"Mr. Nelson, Did You Kill People?",Lily Franky,cast,4,2026-08-16T09:01:10.603839+00:00,,,attached
Lilo & Stitch 2,Chris Sanders,cast,1,2026-08-16T09:02:32.711370+00:00,,,attached
Lilo & Stitch 2,Maia Kealoha,cast,0,2026-08-16T09:02:32.711370+00:00,,,attached
DAU,Susanne Marian,writer,,2026-08-16T09:03:34.400612+00:00,,,attached
DAU,Ilya Khrzhanovsky,writer,,2026-08-16T09:03:34.400612+00:00,,,attached
DAU,Vladimir Sorokin,writer,,2026-08-16T09:03:34.400612+00:00,,,attached
DAU,Ilya Permyakov,writer,,2026-08-16T09:03:34.400612+00:00,,,attached
Sink Hole,Nathan Livingstone,cast,4,2026-08-17T09:00:00.735366+00:00,,,attached
Gatto,Auliʻi Cravalho,cast,,2026-08-17T09:00:30.330854+00:00,2026-08-28T09:00:43.676889+00:00,264.003707,reverted
The Man Who Changed the World,Illeana Douglas,cast,0,2026-08-17T09:01:15.810593+00:00,,,attached
The Man Who Changed the World,Wallace Shawn,cast,3,2026-08-17T09:01:15.810593+00:00,,,attached
The Man Who Changed the World,Jeanine Mason,cast,1,2026-08-17T09:01:15.810593+00:00,,,attached
The Man Who Changed the World,Amie MacKenzie,cast,2,2026-08-17T09:01:15.810593+00:00,,,attached
The Man Who Changed the World,Tanner Hagen,cast,4,2026-08-17T09:01:15.810593+00:00,,,attached
I Matter,Alina Șerban,writer,,2026-08-17T09:01:18.724616+00:00,,,attached
Danger,Nicolas Saada,writer,,2026-08-17T09:02:36.666732+00:00,,,attached
O'Slaughter Day,Andres Mähar,cast,4,2026-08-17T09:04:04.140979+00:00,,,attached
The Goonies 2,Chris Columbus,director,,2026-08-17T09:04:07.715074+00:00,,,attached
Suanggi: Ilmu Kutukan,Dayu Wijanto,cast,4,2026-08-17T09:04:50.673652+00:00,,,attached
Suanggi: Ilmu Kutukan,Eugenia Yauwalata,cast,2,2026-08-17T09:04:50.673652+00:00,,,attached
Back To Buenos Aires,Marco Bechis,writer,,2026-08-17T09:04:57.169703+00:00,,,attached
Back To Buenos Aires,Vijaya Bechis Boll,writer,,2026-08-17T09:04:57.169703+00:00,,,attached
Bapak Paling Jujur,Rino Sarjono,writer,,2026-08-17T09:04:59.813243+00:00,,,attached
Jalsa,Devadarshini,cast,2,2026-08-17T09:05:54.826362+00:00,,,attached
Jalsa,Chetan,cast,3,2026-08-17T09:05:54.826362+00:00,,,attached
Jalsa,Yogi Babu,cast,4,2026-08-17T09:05:54.826362+00:00,,,attached
The Twelve Dates of Christmas,Demetrius Shipp Jr.,cast,4,2026-08-17T09:07:25.435212+00:00,,,attached
The Twelve Dates of Christmas,Kahyun Kim,cast,3,2026-08-17T09:07:25.435212+00:00,,,attached
Untitle Tintin movie,Peter Jackson,director,,2026-08-17T09:08:07.516200+00:00,,,attached
Gelap 'kan Habis Terang 'kan Datang,Afik Hariyadi,writer,,2026-08-17T09:10:13.892121+00:00,,,attached
Untitled Jude Anthany Film,Mohanlal,cast,,2026-08-17T09:16:08.728329+00:00,2026-08-19T09:21:57.707591+00:00,48.096939,reverted
The Seven Husbands of Evelyn Hugo,Liz Tigelaar,writer,,2026-08-17T09:21:24.452493+00:00,,,attached
The Seven Husbands of Evelyn Hugo,Jessica Chastain,cast,,2026-08-17T09:21:24.452493+00:00,2026-08-19T09:27:11.948828+00:00,48.096527,reverted
The Seven Husbands of Evelyn Hugo,Ana de Armas,cast,,2026-08-17T09:21:24.452493+00:00,2026-08-19T09:27:11.948828+00:00,48.096527,reverted
The Seven Husbands of Evelyn Hugo,Margaret Betts,writer,,2026-08-17T09:21:24.452493+00:00,,,attached
Dead Girls Don’t Scream,Shirley Headroom,cast,0,2026-08-17T09:22:36.925233+00:00,,,attached
Dead Girls Don’t Scream,Mari Zombie,cast,1,2026-08-17T09:22:36.925233+00:00,,,attached
Miami Vice '85,Whitney Peak,cast,3,2026-08-18T09:01:52.648660+00:00,,,attached
Martha & Muhammad,Sharon Stone,cast,1,2026-08-18T09:07:26.931735+00:00,,,attached
Martha & Muhammad,Ramy Youssef,cast,0,2026-08-18T09:07:26.931735+00:00,,,attached
Jennifer's Body 2,Amanda Seyfried,cast,1,2026-08-18T09:07:32.851148+00:00,,,attached
Crawlers,Andrea Scott Méndez,cast,4,2026-08-19T09:00:40.858374+00:00,,,attached
Ghost Market,Jesse Andrews,director,,2026-08-19T09:00:51.600204+00:00,,,attached
Oasis: Don't Look Back in Anger,Steven Knight,writer,,2026-08-19T09:01:24.669128+00:00,,,attached
Vampir,Lee Jun-hyuk,cast,2,2026-08-19T09:07:53.770377+00:00,,,attached
Vampir,Choi Hyun-wook,cast,3,2026-08-19T09:07:53.770377+00:00,2026-08-20T09:09:53.695310+00:00,24.033312,reverted
Vampir,DOI,cast,4,2026-08-19T09:07:53.770377+00:00,,,attached
LEGO Disney Princess: Magical Mayhem,Ming-Na Wen,cast,4,2026-08-19T09:08:14.048297+00:00,,,attached
LEGO Disney Princess: Magical Mayhem,Rachel Vine,writer,,2026-08-19T09:08:14.048297+00:00,,,attached
LEGO Disney Princess: Magical Mayhem,Randi Rodrigues,director,,2026-08-19T09:08:14.048297+00:00,,,attached
LEGO Disney Princess: Magical Mayhem,Jake Wilkinson,director,,2026-08-19T09:08:14.048297+00:00,,,attached
The Spirit Lock,Stefanos Paraskevopoulos,cast,3,2026-08-19T09:08:26.595276+00:00,,,attached
Avec Kim,Claire Denis,writer,,2026-08-19T09:08:56.965671+00:00,,,attached
Hedges,Quinnlan Ashe,cast,0,2026-08-19T09:09:10.087366+00:00,,,attached
The Age Of Goodbyes,Prapamonton Eiamchan,cast,4,2026-08-19T09:09:25.241730+00:00,,,attached
Faisha Gesi,Arfan Mredha Shiblu,cast,1,2026-08-19T09:09:27.367698+00:00,,,attached
SK27,Suraj Venjaramoodu,cast,3,2026-08-19T09:11:06.176815+00:00,,,attached
Disco,Lukman Avaran,cast,4,2026-08-19T09:13:16.939264+00:00,,,attached
The Bell Jar,Sarah Polley,writer,,2026-08-19T09:13:29.623671+00:00,,,attached
Starman,Aisling Bea,cast,2,2026-08-19T09:13:40.403402+00:00,,,attached
Seasons,Jack Reynor,cast,1,2026-08-19T09:14:34.840820+00:00,,,attached
October,Stephen Root,cast,4,2026-08-19T09:17:39.822528+00:00,,,attached
Girl in Pieces,Don Cheadle,cast,,2026-08-19T09:18:04.352436+00:00,2026-08-20T09:19:59.723815+00:00,24.032048,reverted
Girl in Pieces,Mckenna Grace,cast,,2026-08-19T09:18:04.352436+00:00,2026-08-20T09:19:59.723815+00:00,24.032048,reverted
Girl in Pieces,Mason Thames,cast,,2026-08-19T09:18:04.352436+00:00,2026-08-20T09:19:59.723815+00:00,24.032048,reverted
Untitled Mohanlal Anoop Sathyan movie,Anoop Sathyan,director,,2026-08-19T09:19:11.017158+00:00,,,attached
Untitled Mohanlal Anoop Sathyan movie,Anoop Sathyan,writer,,2026-08-19T09:19:11.017158+00:00,,,attached
Untitled Puss in Boots Sequel,Harvey Guillén,cast,2,2026-08-19T09:19:25.140598+00:00,,,attached
Good Trip,Yoyo Mung Ka-Wai,cast,2,2026-08-19T09:20:03.902970+00:00,,,attached
Good Trip,Philip Keung Ho-Man,cast,4,2026-08-19T09:20:03.902970+00:00,,,attached
Good Trip,Stanley Yau Sze-Chun,cast,3,2026-08-19T09:20:03.902970+00:00,,,attached
Zindagi Na Milegi Dobara 2,Reema Kagti,writer,,2026-08-19T09:20:07.868435+00:00,,,attached
Babita Singh Reporting,Deepak Rai,cast,,2026-08-19T09:20:31.052788+00:00,2026-08-23T09:03:20.803250+00:00,95.713820,reverted
El Enemigo del Pueblo,Damián Alcázar,cast,6,2026-08-19T09:21:55.926010+00:00,2026-08-24T09:25:46.538867+00:00,120.064059,reverted
Police Company,Ram Gopal Varma,writer,,2026-08-19T09:22:00.070512+00:00,,,attached
Thread: An Insidious Tale,Delaney Quinn,cast,3,2026-08-19T09:22:12.991436+00:00,,,attached
The Mitchells vs. the Mitchells,Lizzie Molyneux-Logelin,writer,,2026-08-19T09:23:51.921336+00:00,,,attached
The Mitchells vs. the Mitchells,Wendy Molyneux,writer,,2026-08-19T09:23:51.921336+00:00,,,attached
Extraction 3,Pierce Brosnan,cast,3,2026-08-19T09:25:57.023621+00:00,,,attached
Extraction 3,Don Lee,cast,4,2026-08-19T09:25:57.023621+00:00,,,attached
Untitled James Bond Film,Steven Knight,writer,,2026-08-19T09:27:20.556305+00:00,,,attached
Beporoya,Abhirup Ghosh,writer,,2026-08-19T09:27:24.247564+00:00,,,attached
Journalism 101,Frank Dillane,cast,2,2026-08-19T09:27:56.576555+00:00,,,attached
Amityverse: End Game,Elijah Thomas,director,,2026-08-19T09:28:10.850789+00:00,,,attached
Amityverse: End Game,Elijah Thomas,writer,,2026-08-19T09:28:10.850789+00:00,,,attached
Projet K,Tim Roth,cast,2,2026-08-19T09:28:29.745925+00:00,,,attached
Projet K,Diane Kruger,cast,1,2026-08-19T09:28:29.745925+00:00,,,attached
Projet K,Dany Boon,cast,0,2026-08-19T09:28:29.745925+00:00,,,attached
Sugauti vanagą,Liubomiras Laucevičius,cast,4,2026-08-19T09:28:49.973066+00:00,,,attached
Sugauti vanagą,Andrius Žiurauskas,cast,3,2026-08-19T09:28:49.973066+00:00,,,attached
Sugauti vanagą,Kęstutis Cicėnas,cast,0,2026-08-19T09:28:49.973066+00:00,,,attached
Sugauti vanagą,Lukas Malinauskas,cast,2,2026-08-19T09:28:49.973066+00:00,,,attached
Sugauti vanagą,Džiugas Grinys,cast,1,2026-08-19T09:28:49.973066+00:00,,,attached
Mommy's Home,David F. Sandberg,director,,2026-08-19T09:30:07.719058+00:00,,,attached
Mommy's Home,James Morosini,writer,,2026-08-19T09:30:07.719058+00:00,,,attached
Another Ice Cream Man,P. J. Soles,cast,3,2026-08-19T09:31:47.043817+00:00,,,attached
Dead Hungry,Agot Isidro,cast,2,2026-08-19T09:33:06.903111+00:00,,,attached
Dead Hungry,Cris Villanueva,cast,3,2026-08-19T09:33:06.903111+00:00,,,attached
Dead Hungry,Khalil Ramos,cast,0,2026-08-19T09:33:06.903111+00:00,,,attached
Dead Hungry,Carl Joseph E. Papa,writer,,2026-08-19T09:33:06.903111+00:00,,,attached
Dead Hungry,Mikoy Morales,cast,4,2026-08-19T09:33:06.903111+00:00,,,attached
Dead Hungry,Ian Pangilinan,cast,1,2026-08-19T09:33:06.903111+00:00,,,attached
Dead Hungry,Yvonne Garcia,writer,,2026-08-19T09:33:06.903111+00:00,,,attached
Viva La Vida,Park Dan-hee,writer,,2026-08-19T09:34:10.884955+00:00,,,attached
The Jam Van,Dom Bergeron,cast,4,2026-08-19T09:34:25.386166+00:00,,,attached
Wildwood,Arthur Knight,cast,3,2026-08-20T09:00:18.852810+00:00,,,attached
Vampir,Yoon Kyung-ho,cast,5,2026-08-20T09:09:53.695310+00:00,2026-08-22T09:10:07.766978+00:00,48.003909,reverted
Moonzy: The Dark Side of the Moon,Oleg Kulikovich,cast,2,2026-08-20T09:10:58.025955+00:00,,,attached
Moonzy: The Dark Side of the Moon,Anna Slynko,cast,0,2026-08-20T09:10:58.025955+00:00,,,attached
Moonzy: The Dark Side of the Moon,Yuliya Rudina,cast,4,2026-08-20T09:10:58.025955+00:00,,,attached
Moonzy: The Dark Side of the Moon,Valery Smekalov,cast,3,2026-08-20T09:10:58.025955+00:00,,,attached
Moonzy: The Dark Side of the Moon,Yuliya Zorkina,cast,1,2026-08-20T09:10:58.025955+00:00,,,attached
Typhoon,Lee Jeong-ho,director,,2026-08-20T09:11:18.037930+00:00,,,attached
Dharman,Ram Pothineni,cast,2,2026-08-20T09:11:58.601042+00:00,,,attached
The Color of the Sun,West Mulholland,cast,1,2026-08-20T09:12:13.744470+00:00,,,attached
The Color of the Sun,Naoto Shimajiri,cast,0,2026-08-20T09:12:13.744470+00:00,,,attached
The Color of the Sun,Ichiro Andre Castro,cast,2,2026-08-20T09:12:13.744470+00:00,,,attached
Adhira,Akhilan SJ,cast,4,2026-08-20T09:13:42.375917+00:00,,,attached
Munpe,Vinay Forrt,cast,1,2026-08-20T09:18:12.653481+00:00,,,attached
Munpe,Kiran Peethambaran,cast,2,2026-08-20T09:18:12.653481+00:00,,,attached
Munpe,Meghana Manoj,cast,3,2026-08-20T09:18:12.653481+00:00,,,attached
4X4: The Event,Dylan Minnette,cast,1,2026-08-20T09:21:23.159605+00:00,,,attached
4X4: The Event,Maddie Phillips,cast,3,2026-08-20T09:21:23.159605+00:00,,,attached
4X4: The Event,Sophia Lillis,cast,0,2026-08-20T09:21:23.159605+00:00,,,attached
4X4: The Event,Marcel Ruiz,cast,4,2026-08-20T09:21:23.159605+00:00,,,attached
4X4: The Event,Quintessa Swindell,cast,2,2026-08-20T09:21:23.159605+00:00,,,attached
Die Alive,Adèle Exarchopoulos,cast,1,2026-08-20T09:21:57.886961+00:00,,,attached
Nayyi Navelli,Rajesh Dubeay,cast,1,2026-08-20T09:22:26.833452+00:00,,,attached
Little Five,Jane Curtin,cast,4,2026-08-20T09:23:34.682516+00:00,,,attached
Little Five,Nadia Alexander,cast,3,2026-08-20T09:23:34.682516+00:00,,,attached
Little Five,Sasha Frolova,cast,2,2026-08-20T09:23:34.682516+00:00,,,attached
"Operação Lorca, o bailado",Mariana Martins,cast,4,2026-08-20T09:23:58.937497+00:00,,,attached
Override,Kevin Stewart,writer,,2026-08-20T09:28:04.087621+00:00,,,attached
Projet K,Laurent Turner,writer,,2026-08-20T09:30:23.882518+00:00,,,attached
The Bad Son,Hugo Arbues,cast,2,2026-08-20T09:31:12.546199+00:00,,,attached
The Bad Son,Óscar de la Fuente,cast,3,2026-08-20T09:31:12.546199+00:00,,,attached
The Bad Son,Abel de la Fuente,cast,4,2026-08-20T09:31:12.546199+00:00,,,attached
Hubatá,Jana Švandová,cast,4,2026-08-20T09:33:14.321479+00:00,,,attached
Multwoh,John Lapus,cast,2,2026-08-20T09:34:30.349385+00:00,,,attached
Multwoh,Phi Palmos,cast,4,2026-08-20T09:34:30.349385+00:00,,,attached
Multwoh,Iyah Mina,cast,3,2026-08-20T09:34:30.349385+00:00,,,attached
Invertigo,Eoin O'Brien,cast,4,2026-08-20T09:35:44.782034+00:00,,,attached
The 13th Child,Augie Herman,cast,2,2026-08-20T09:36:06.824806+00:00,,,attached
Another Ice Cream Man,Danny Trejo,cast,2,2026-08-20T09:36:14.996217+00:00,,,attached
Another Ice Cream Man,P. J. Soles,cast,1,2026-08-20T09:36:14.996217+00:00,,,attached
Another Ice Cream Man,Clint Howard,director,,2026-08-20T09:36:14.996217+00:00,,,attached
The Rise of Saamrajya,Bijay Baral,cast,3,2026-08-20T09:36:15.693915+00:00,,,attached
Tazza: The Song of Beelzebub,Im Se-mi,cast,3,2026-08-20T09:37:39.633741+00:00,,,attached
Tazza: The Song of Beelzebub,Kim Min-ho,cast,4,2026-08-20T09:37:39.633741+00:00,,,attached
Bloody Men,Jakob Öhrman,cast,3,2026-08-20T09:37:49.373906+00:00,,,attached
Bloody Men,Ulrika Nilsson,cast,4,2026-08-20T09:37:49.373906+00:00,,,attached
Bloody Men,Felix Östergren,cast,2,2026-08-20T09:37:49.373906+00:00,,,attached
Shaun the Sheep: The Beast of Mossy Bottom,Nina Sosanya,cast,3,2026-08-21T09:00:53.720391+00:00,,,attached
Shaun the Sheep: The Beast of Mossy Bottom,Paul Whitehouse,cast,4,2026-08-21T09:00:53.720391+00:00,,,attached
Miami Vice '85,Camila Morrone,cast,4,2026-08-21T09:01:29.241605+00:00,,,attached
Spirit,Aishwarya Desai,cast,4,2026-08-21T09:07:14.755423+00:00,,,attached
Margie Claus,Jim Gaffigan,cast,2,2026-08-21T09:07:32.743858+00:00,,,attached
Margie Claus,Andrew Scott,cast,3,2026-08-21T09:07:32.743858+00:00,,,attached
Margie Claus,Annie Mumolo,cast,4,2026-08-21T09:07:32.743858+00:00,,,attached
Snoop,Myles Bullock,cast,1,2026-08-21T09:07:43.911468+00:00,,,attached
Vampir,Jang Jae-hyun,writer,,2026-08-21T09:10:10.768728+00:00,,,attached
Queer Edward II,Tilda Swinton,cast,1,2026-08-21T09:12:46.495482+00:00,,,attached
Queer Edward II,Andrew Tiernan,cast,4,2026-08-21T09:12:46.495482+00:00,,,attached
Queer Edward II,Steven Waddington,cast,3,2026-08-21T09:12:46.495482+00:00,,,attached
Queer Edward II,Nigel Terry,cast,2,2026-08-21T09:12:46.495482+00:00,,,attached
Seasons,Ron Perlman,cast,2,2026-08-21T09:16:47.551551+00:00,,,attached
Pumping Black,Lukas Gage,cast,2,2026-08-21T09:19:59.589064+00:00,,,attached
Pumping Black,Alex Alomar Akpobome,cast,3,2026-08-21T09:19:59.589064+00:00,,,attached
Harga Teman,Kevin Jones,cast,,2026-08-21T09:22:57.601778+00:00,2026-08-31T09:29:00.679783+00:00,240.100855,reverted
Kathy déménage,Joseph Olivennes,cast,2,2026-08-21T09:23:11.229849+00:00,,,attached
Kathy déménage,Suzanne de Baecque,cast,1,2026-08-21T09:23:11.229849+00:00,,,attached
Kathy déménage,Amandine Lourdel,cast,3,2026-08-21T09:23:11.229849+00:00,,,attached
Les poisons,Joseph Olivennes,cast,3,2026-08-21T09:23:32.541888+00:00,,,attached
Les poisons,Igor van Dessel,cast,4,2026-08-21T09:23:32.541888+00:00,,,attached
Love Love,Dylan McDermott,cast,4,2026-08-21T09:23:54.628663+00:00,,,attached
Love Love,Audra McDonald,cast,3,2026-08-21T09:23:54.628663+00:00,,,attached
Love Love,Adeline Rudolph,cast,2,2026-08-21T09:23:54.628663+00:00,,,attached
Deify,Dennis Haysbert,cast,2,2026-08-21T09:24:15.099805+00:00,,,attached
Deify,Ashley Greene,cast,3,2026-08-21T09:24:15.099805+00:00,,,attached
Deify,Kirk Acevedo,cast,4,2026-08-21T09:24:15.099805+00:00,,,attached
Summoner,Giorgia Whigham,cast,1,2026-08-21T09:24:52.130480+00:00,,,attached
Naruto,Charles Melton,cast,,2026-08-21T09:25:47.249333+00:00,2026-08-22T09:25:25.602310+00:00,23.993987,reverted
Running,Teyonah Parris,cast,3,2026-08-21T09:26:52.938795+00:00,,,attached
Khalifa 2 : The Legacy,Tovino Thomas,cast,3,2026-08-21T09:28:12.563523+00:00,,,attached
Khalifa 2 : The Legacy,Soubin Shahir,cast,2,2026-08-21T09:28:12.563523+00:00,,,attached
21 Sarfarosh - Saragarhi 1987,Mukul Dev,cast,1,2026-08-21T09:28:46.937490+00:00,,,attached
21 Sarfarosh - Saragarhi 1987,Mohit Raina,cast,0,2026-08-21T09:28:46.937490+00:00,,,attached
21 Sarfarosh - Saragarhi 1987,Raj Acharya,director,,2026-08-21T09:28:46.937490+00:00,,,attached
The Unsmiling Tsarevna,Vasily Rovensky,writer,,2026-08-21T09:33:36.533228+00:00,,,attached
The Unsmiling Tsarevna,Evelina Barsegyan,writer,,2026-08-21T09:33:36.533228+00:00,,,attached
The Unsmiling Tsarevna,Mariya Matveeva,writer,,2026-08-21T09:33:36.533228+00:00,,,attached
Chimp Outbreak,Rowland Cutts,director,,2026-08-21T09:36:02.433636+00:00,,,attached
Le mal est fait,Robin Orsel,cast,4,2026-08-21T09:38:37.847705+00:00,,,attached
Ghost Market,Alkaio Thiele,cast,,2026-08-22T09:00:58.385064+00:00,2026-08-25T09:01:27.947929+00:00,72.008212,reverted
Ghost Market,Kevin B. London,cast,,2026-08-22T09:00:58.385064+00:00,2026-08-23T09:00:59.680410+00:00,24.000360,reverted
Legend of the White Dragon,Michael Madsen,cast,4,2026-08-22T09:01:16.616709+00:00,,,attached
Legend of the White Dragon,Rachele Brooke Smith,cast,3,2026-08-22T09:01:16.616709+00:00,,,attached
Legend of the White Dragon,Jason Faunt,cast,2,2026-08-22T09:01:16.616709+00:00,,,attached
Vampir,Choi Hyun-wook,cast,3,2026-08-22T09:10:07.766978+00:00,,,attached
Hero Ki Horrorine,Chunky Panday,cast,4,2026-08-22T09:10:19.406520+00:00,,,attached
Hero Ki Horrorine,Sunita Ahuja,cast,2,2026-08-22T09:10:19.406520+00:00,,,attached
Hero Ki Horrorine,Jamie Lever,cast,3,2026-08-22T09:10:19.406520+00:00,,,attached
A Most Delightful Game,Reid Cronin,cast,3,2026-08-22T09:10:54.390062+00:00,,,attached
Kaaka,Kona Venkat,writer,,2026-08-22T09:12:04.389931+00:00,,,attached
Kaaka,Sunil Varma,cast,3,2026-08-22T09:12:04.389931+00:00,,,attached
Kaaka,Bandla Ganesh,cast,4,2026-08-22T09:12:04.389931+00:00,,,attached
Kaaka,K. Chakravarthy Reddy,writer,,2026-08-22T09:12:04.389931+00:00,,,attached
Brahmāstra Part Two: Dev,Deepika Padukone,cast,,2026-08-22T09:13:35.854476+00:00,2026-08-26T09:16:27.007499+00:00,96.047543,reverted
Dare Devil,Raahul,cast,2,2026-08-22T09:14:08.374400+00:00,,,attached
Gable,Mireille Enos,cast,1,2026-08-22T09:15:39.902434+00:00,,,attached
Gable,Jake Picking,cast,4,2026-08-22T09:15:39.902434+00:00,,,attached
Gable,Ella Bright,cast,2,2026-08-22T09:15:39.902434+00:00,,,attached
Summerhouse,Alison Wachtler,cast,4,2026-08-22T09:18:48.850919+00:00,,,attached
A Firefly,Lee Sang-hee,cast,3,2026-08-22T09:23:28.658598+00:00,,,attached
A Panorama of Rivers and Mountains,Tony Leung Ka-fai,cast,1,2026-08-22T09:24:26.624509+00:00,,,attached
A Panorama of Rivers and Mountains,Yu Shi,cast,2,2026-08-22T09:24:26.624509+00:00,,,attached
Untitled National Treasure 3,Ted Elliott,writer,,2026-08-22T09:27:29.111778+00:00,,,attached
Untitled National Treasure 3,Nicolas Cage,cast,0,2026-08-22T09:27:29.111778+00:00,,,attached
Untitled National Treasure 3,Jon Turteltaub,director,,2026-08-22T09:27:29.111778+00:00,,,attached
Maelstrom,Gregory Fitzpatrick,writer,,2026-08-22T09:27:59.973941+00:00,,,attached
The Last Days of Napoléon,Matt Coles,cast,1,2026-08-22T09:30:27.560102+00:00,,,attached
L'ombra d'algú,Júlia Vinolo,cast,3,2026-08-22T09:31:03.513138+00:00,,,attached
L'ombra d'algú,Mica Peppino,cast,2,2026-08-22T09:31:03.513138+00:00,,,attached
Spidernado,Rowland Cutts,director,,2026-08-22T09:31:57.124861+00:00,,,attached
The Athena Syndrome,Craig Conway,cast,4,2026-08-22T09:39:07.960223+00:00,,,attached
Babita Singh Reporting,Rajesh Kumar,cast,3,2026-08-23T09:03:20.803250+00:00,,,attached
Babita Singh Reporting,Geetika Vidya,cast,4,2026-08-23T09:03:20.803250+00:00,,,attached
Saving Cherry,Fatrick Tabada,writer,,2026-08-23T09:04:58.948698+00:00,,,attached
Saving Cherry,Ivan Andrew Payawal,director,,2026-08-23T09:04:58.948698+00:00,,,attached
Saving Cherry,Ivan Andrew Payawal,writer,,2026-08-23T09:04:58.948698+00:00,,,attached
Oki & Nirmala,Titi Kamal,cast,2,2026-08-23T09:05:29.370690+00:00,,,attached
Oki & Nirmala,Indra Birowo,cast,4,2026-08-23T09:05:29.370690+00:00,,,attached
Oki & Nirmala,Rey Bong,cast,3,2026-08-23T09:05:29.370690+00:00,,,attached
Oki & Nirmala,Utiuts,writer,,2026-08-23T09:05:29.370690+00:00,,,attached
Oki & Nirmala,Azamy Syauqi,cast,0,2026-08-23T09:05:29.370690+00:00,,,attached
Sidelined 3: End Game,Michael Medico,director,,2026-08-23T09:12:06.849597+00:00,,,attached
Welcome To The Adventure,Shreyas Talpade,cast,4,2026-08-23T09:13:06.982781+00:00,,,attached
Loser,Julia Fox,cast,4,2026-08-23T09:13:28.485690+00:00,,,attached
High End,Andrea Riseborough,cast,3,2026-08-23T09:13:35.550923+00:00,,,attached
The Duchess and I,Miranda Richardson,cast,4,2026-08-23T09:15:17.985168+00:00,,,attached
Raja's Playlist,Vagai Chandrasekar,cast,3,2026-08-23T09:16:44.459705+00:00,,,attached
Raja's Playlist,Bibiyan,cast,4,2026-08-23T09:16:44.459705+00:00,,,attached
Babloo XXL,Radhika Sarathkumar,cast,1,2026-08-23T09:20:26.424695+00:00,,,attached
Chichora,Radhika Sarathkumar,cast,2,2026-08-23T09:21:38.948872+00:00,,,attached
The Last Goodbye,Koldo Almandoz,writer,,2026-08-23T09:22:19.168634+00:00,,,attached
Бүркітші,Berik Aitzhanov,cast,0,2026-08-23T09:25:27.814802+00:00,,,attached
Weezer: Security Threat,Henry Joost,writer,,2026-08-23T09:25:53.936188+00:00,,,attached
Weezer: Security Threat,Ariel Schulman,writer,,2026-08-23T09:25:53.936188+00:00,,,attached
Weezer: Security Threat,Josh Koenigsberg,writer,,2026-08-23T09:25:53.936188+00:00,,,attached
Untitled National Treasure 3,Diane Kruger,cast,,2026-08-23T09:28:17.454400+00:00,2026-08-31T09:12:12.359125+00:00,191.731918,reverted
Untitled National Treasure 3,Justin Bartha,cast,,2026-08-23T09:28:17.454400+00:00,2026-08-31T09:12:12.359125+00:00,191.731918,reverted
Untitled National Treasure 3,Jake Austin Walker,cast,,2026-08-23T09:28:17.454400+00:00,2026-08-31T09:12:12.359125+00:00,191.731918,reverted
Untitled National Treasure 3,Lisette Olivera,cast,,2026-08-23T09:28:17.454400+00:00,2026-08-31T09:12:12.359125+00:00,191.731918,reverted
Black Panther 3,Maya Boyd,cast,,2026-08-24T09:00:51.217991+00:00,2026-08-25T09:00:53.626415+00:00,24.000669,reverted
In Limbo,Louis-Evan Bague,cast,4,2026-08-24T09:01:52.677508+00:00,,,attached
Untitled P. S. Mithran - Bhansali Film,Kareena Kapoor Khan,cast,1,2026-08-24T09:09:24.336217+00:00,,,attached
Untitled P. S. Mithran - Bhansali Film,Dhanush,cast,0,2026-08-24T09:09:24.336217+00:00,,,attached
Walk the Blue Fields,Len Nealon,cast,4,2026-08-24T09:14:54.360245+00:00,,,attached
Morte,Matthew Rocca,cast,3,2026-08-24T09:16:06.579558+00:00,,,attached
Many Many Happy Returns,Lal,cast,2,2026-08-24T09:20:14.052683+00:00,,,attached
Ninja,G. V. Prakash Kumar,cast,0,2026-08-24T09:23:17.564080+00:00,,,attached
Christmas at Moose Lake,Jennifer Tadlock,director,,2026-08-24T09:24:30.871518+00:00,,,attached
Christmas at Moose Lake,John DiStefano,writer,,2026-08-24T09:24:30.871518+00:00,,,attached
Christmas at Moose Lake,Mark DiStefano,writer,,2026-08-24T09:24:30.871518+00:00,,,attached
El Enemigo del Pueblo,Rafaella López,cast,4,2026-08-24T09:25:46.538867+00:00,,,attached
Encore,Robert Nelson Jacobs,writer,,2026-08-24T09:26:04.974725+00:00,,,attached
Naruto,Charles Melton,cast,,2026-08-24T09:27:16.544296+00:00,2026-08-28T09:29:25.155141+00:00,96.035725,reverted
The Essentials 2,Juan Gomez De Luque,writer,,2026-08-24T09:32:13.862855+00:00,,,attached
The Essentials 2,Carmen Garcia Perez,writer,,2026-08-24T09:32:13.862855+00:00,,,attached
Seporsi Mie Ayam Sebelum Mati,Benidictus Siregar,cast,0,2026-08-24T09:33:08.540651+00:00,,,attached
Wekiwa,Xhaania Wright,cast,4,2026-08-24T09:41:25.225642+00:00,,,attached
Toxic: A Fairy Tale for Grown-ups,Rukmini Vasanth,cast,3,2026-08-25T09:00:27.118756+00:00,,,attached
Special,Ruben Adrian,writer,,2026-08-25T09:02:29.014330+00:00,,,attached
Special,Abdullah Mansuri,writer,,2026-08-25T09:02:29.014330+00:00,,,attached
Beloved,Arnhild Litleré,cast,2,2026-08-25T09:03:14.975771+00:00,,,attached
Drishyam: The Conclusion,Rajat Kapoor,cast,3,2026-08-25T09:03:40.485843+00:00,,,attached
Ramba Oorvasi Menaka,Surbhi,cast,1,2026-08-25T09:03:43.099662+00:00,,,attached
Buzzkill,Jessie Diepeveen,cast,3,2026-08-25T09:12:50.915766+00:00,,,attached
Buzzkill,Gemma French,cast,4,2026-08-25T09:12:50.915766+00:00,,,attached
Kaalante Thangakudam,Siddique,cast,4,2026-08-25T09:14:54.579178+00:00,,,attached
Kaalante Thangakudam,Althaf Salim,cast,3,2026-08-25T09:14:54.579178+00:00,,,attached
Kaalante Thangakudam,Siju Sunny,cast,2,2026-08-25T09:14:54.579178+00:00,,,attached
Kaalante Thangakudam,Joemon Jyothir,cast,1,2026-08-25T09:14:54.579178+00:00,,,attached
Credit Score,Arjun T. Sathyan,writer,,2026-08-25T09:19:45.962149+00:00,2026-09-01T09:24:30.481994+00:00,168.079033,reverted
Ninja,Radha Ravi,cast,3,2026-08-25T09:23:40.911807+00:00,,,attached
Ninja,Dheepa Ramanujam,cast,4,2026-08-25T09:23:40.911807+00:00,,,attached
Ninja,Jenson Dhivakar,cast,2,2026-08-25T09:23:40.911807+00:00,,,attached
Supermax,Nicholas Alexander Chavez,cast,4,2026-08-25T09:28:15.864981+00:00,,,attached
Light Undying,ReyFillet,cast,1,2026-08-25T09:32:48.200020+00:00,,,attached
Light Undying,Jazzy,cast,2,2026-08-25T09:32:48.200020+00:00,,,attached
Teks Battle: Shoot Pati Pato!,Kenneth Mendoza,cast,1,2026-08-25T09:33:05.067713+00:00,,,attached
Teks Battle: Shoot Pati Pato!,Zed Xyrus Martin,cast,2,2026-08-25T09:33:05.067713+00:00,,,attached
Autopsy: Dead Body Can Talk,M. Nurman Wardi,writer,,2026-08-25T09:33:10.899887+00:00,,,attached
Pra Você Gostar de Mim,Lorena Comparato,cast,0,2026-08-25T09:36:28.235468+00:00,,,attached
The Rise of Saamrajya,Anjana Baraili,cast,4,2026-08-25T09:37:13.813914+00:00,,,attached
Ugly Duckling Ms. Maeng,Kim Gyeong-min,cast,4,2026-08-25T09:40:50.793684+00:00,,,attached
I'm Game,Kathir,cast,4,2026-08-26T09:01:34.966280+00:00,,,attached
Armored Trooper VOTOMS: Die Graue Hexe - Part 1,Mamoru Oshii,writer,,2026-08-26T09:02:09.787575+00:00,,,attached
Armored Trooper VOTOMS: Die Graue Hexe - Part 1,Kei Yamamura,writer,,2026-08-26T09:02:09.787575+00:00,,,attached
What Lies Between Us,Trond Espen Seim,cast,4,2026-08-26T09:02:16.644685+00:00,,,attached
Obitus,Umud Abbas,cast,7,2026-08-26T09:02:42.813102+00:00,2026-08-29T09:01:48.654758+00:00,71.984956,reverted
Obitus,Aylin Zohrabbayli,cast,1,2026-08-26T09:02:42.813102+00:00,,,attached
Snoop,Lauren London,cast,3,2026-08-26T09:04:49.814925+00:00,,,attached
Snoop,Camron Jones,cast,2,2026-08-26T09:04:49.814925+00:00,,,attached
Ali G: Who Iz I?,Sacha Baron Cohen,writer,,2026-08-26T09:05:09.165631+00:00,,,attached
Ali G: Who Iz I?,Anthony Hines,writer,,2026-08-26T09:05:09.165631+00:00,,,attached
Ali G: Who Iz I?,Peter Baynham,writer,,2026-08-26T09:05:09.165631+00:00,,,attached
Ali G: Who Iz I?,Dan Mazer,writer,,2026-08-26T09:05:09.165631+00:00,,,attached
Ali G: Who Iz I?,Keisha Zollar,writer,,2026-08-26T09:05:09.165631+00:00,,,attached
Ali G: Who Iz I?,Morgana Robinson,cast,1,2026-08-26T09:05:09.165631+00:00,,,attached
Ali G: Who Iz I?,Dan Swimer,writer,,2026-08-26T09:05:09.165631+00:00,,,attached
Acharya,Raghu Babu,cast,4,2026-08-26T09:05:32.549434+00:00,,,attached
Acharya,Deepraj Rana,cast,2,2026-08-26T09:05:32.549434+00:00,,,attached
Acharya,Pramod Agrahari,cast,3,2026-08-26T09:05:32.549434+00:00,,,attached
Acharya,Purnika Sijapati,cast,1,2026-08-26T09:05:32.549434+00:00,,,attached
Toxic: A Fairy Tale for Grown-ups,Nayanthara,cast,1,2026-08-26T09:09:27.193190+00:00,,,attached
Gunmaaster G9,Junaid Wasi,writer,,2026-08-26T09:10:17.995854+00:00,,,attached
Gunmaaster G9,Snehill Dixit Mehra,cast,4,2026-08-26T09:10:17.995854+00:00,,,attached
Gunmaaster G9,Sarim Momin,writer,,2026-08-26T09:10:17.995854+00:00,,,attached
Dharman,Shriya Saran,cast,3,2026-08-26T09:15:04.311457+00:00,,,attached
Chiyaan 63,Samyuktha Hegde,cast,2,2026-08-26T09:15:42.875392+00:00,,,attached
The Brigands of Rattlecreek,Adèle Exarchopoulos,cast,4,2026-08-26T09:15:51.858101+00:00,,,attached
Brahmāstra Part Two: Dev,Aneet Padda,cast,3,2026-08-26T09:16:27.007499+00:00,,,attached
Untitled Raj & D.K Film,Krishna D.K.,writer,,2026-08-26T09:18:04.620469+00:00,,,attached
Untitled Raj & D.K Film,Raj Nidimoru,writer,,2026-08-26T09:18:04.620469+00:00,,,attached
Saatnya Aku Bercerita Tentang Ayah,Frans Nickolas,cast,4,2026-08-26T09:22:10.153843+00:00,,,attached
Iron Jane,Simon Rex,cast,2,2026-08-26T09:25:36.030864+00:00,,,attached
The Seven Husbands of Evelyn Hugo,Brittany Snow,cast,,2026-08-26T09:31:32.421203+00:00,2026-08-27T09:31:35.808293+00:00,24.000941,reverted
The Seven Husbands of Evelyn Hugo,Anna Kendrick,cast,,2026-08-26T09:31:32.421203+00:00,2026-08-27T09:31:35.808293+00:00,24.000941,reverted
Sebelum Tiga Puluh,Gea Rexy,writer,,2026-08-26T09:32:33.525954+00:00,,,attached
Sebelum Tiga Puluh,Frans Nickolas,cast,3,2026-08-26T09:32:33.525954+00:00,,,attached
Killer First Date,Spencer Brown,cast,2,2026-08-26T09:34:35.864048+00:00,,,attached
The Living Tree,Brey Noelle,writer,,2026-08-26T09:35:01.521435+00:00,,,attached
Egyke,Csilla Radnay,cast,4,2026-08-26T09:36:37.790892+00:00,,,attached
Egyke,Orsolya Bukovszky,cast,3,2026-08-26T09:36:37.790892+00:00,,,attached
Egyke,Szirmai Marcell,cast,2,2026-08-26T09:36:37.790892+00:00,,,attached
Black Panther 3,Maya Boyd,cast,,2026-08-27T09:01:13.904602+00:00,2026-08-28T09:01:45.061626+00:00,24.008655,reverted
Ghost Market,Alkaio Thiele,cast,,2026-08-27T09:01:48.594292+00:00,2026-08-28T09:01:32.971907+00:00,23.995660,reverted
Maserati: The Brothers,Salvatore Esposito,cast,1,2026-08-27T09:02:15.080608+00:00,,,attached
Maserati: The Brothers,Matteo Bassi,cast,3,2026-08-27T09:02:15.080608+00:00,,,attached
Maserati: The Brothers,Leonardo Ferrari,cast,2,2026-08-27T09:02:15.080608+00:00,,,attached
Maserati: The Brothers,Damiano Pacchiani,cast,4,2026-08-27T09:02:15.080608+00:00,,,attached
Snoop,Algee Smith,cast,4,2026-08-27T09:04:22.790527+00:00,,,attached
Stuck On You,Bombi Plata,cast,4,2026-08-27T09:04:23.927348+00:00,,,attached
Stuck On You,Bob Jbeili,cast,3,2026-08-27T09:04:23.927348+00:00,,,attached
The Age Of Goodbyes,Edmund Yeo,writer,,2026-08-27T09:04:42.347871+00:00,,,attached
The Comebacker,Patricia Clarkson,cast,4,2026-08-27T09:05:14.765774+00:00,,,attached
Goodnight,Emilie Rose,cast,1,2026-08-27T09:10:51.981817+00:00,,,attached
Arasan,Yogalakshmi,cast,2,2026-08-27T09:15:49.892264+00:00,,,attached
A Dog’s Perfect Christmas,Kathleen Rose Perkins,cast,3,2026-08-27T09:18:02.707587+00:00,,,attached
Thank You Charlotte,Foëd Amara,cast,3,2026-08-27T09:18:07.727702+00:00,,,attached
Thank You Charlotte,Omar Kentar,cast,2,2026-08-27T09:18:07.727702+00:00,,,attached
Berlin Berlin,Didier Bourdon,cast,0,2026-08-27T09:23:27.425073+00:00,,,attached
Berlin Berlin,Audrey Lamy,cast,1,2026-08-27T09:23:27.425073+00:00,,,attached
Berlin Berlin,Vincent Dedienne,cast,2,2026-08-27T09:23:27.425073+00:00,,,attached
Berlin Berlin,Lula Hugot,cast,4,2026-08-27T09:23:27.425073+00:00,,,attached
The Operator,Joe Carnahan,director,,2026-08-27T09:24:22.034041+00:00,,,attached
Bored Out,Joe Vaughan,cast,0,2026-08-27T09:26:22.244697+00:00,,,attached
Bored Out,Joe Vaughan,director,,2026-08-27T09:26:22.244697+00:00,,,attached
Bored Out,Joe Vaughan,writer,,2026-08-27T09:26:22.244697+00:00,,,attached
Hivemind,Nicholas Braun,cast,1,2026-08-27T09:28:14.770881+00:00,,,attached
Hivemind,Samara Weaving,cast,0,2026-08-27T09:28:14.770881+00:00,,,attached
Hivemind,Ciarán Foy,director,,2026-08-27T09:28:14.770881+00:00,,,attached
Treasure Island,Owen Cooper,cast,1,2026-08-27T09:30:37.081331+00:00,,,attached
Give Me Some Sugah,Aunjanue Ellis-Taylor,cast,2,2026-08-27T09:31:06.446043+00:00,,,attached
Give Me Some Sugah,Russell Hornsby,cast,3,2026-08-27T09:31:06.446043+00:00,,,attached
Give Me Some Sugah,Alexis Louder,cast,4,2026-08-27T09:31:06.446043+00:00,,,attached
Crushtime 2,Tiago Rodrigues,cast,6,2026-08-27T09:32:34.208563+00:00,2026-08-28T09:33:51.107535+00:00,24.021361,reverted
Crushtime 2,Martina Ribera,writer,,2026-08-27T09:32:34.208563+00:00,,,attached
LeapFrog,John Haegele,cast,5,2026-08-27T09:35:03.638928+00:00,2026-08-31T09:38:20.368385+00:00,96.054647,reverted
LeapFrog,Zander Schaus,director,,2026-08-27T09:35:03.638928+00:00,,,attached
LeapFrog,David Martinez,writer,,2026-08-27T09:35:03.638928+00:00,,,attached
Raaka,Ramya Krishnan,cast,5,2026-08-27T09:37:37.125382+00:00,2026-08-29T09:39:34.889269+00:00,48.032712,reverted
Le mal est fait,Judith Davis,cast,3,2026-08-27T09:39:32.658927+00:00,,,attached
Le mal est fait,Grégoire Danvin-Sellier,cast,2,2026-08-27T09:39:32.658927+00:00,,,attached
Grow,Aimee Scher,writer,,2026-08-27T09:40:28.628221+00:00,,,attached
Eklipse,Manuel Wetscher,writer,,2026-08-28T09:04:23.942830+00:00,,,attached
Eklipse,Bernhard Jarosch,writer,,2026-08-28T09:04:23.942830+00:00,,,attached
Nino – A Film About Nino Rota,Sting,cast,0,2026-08-28T09:06:31.943239+00:00,,,attached
Last Man in Tower,Divya Dutta,cast,1,2026-08-28T09:07:18.836143+00:00,,,attached
Last Man in Tower,Boman Irani,cast,2,2026-08-28T09:07:18.836143+00:00,,,attached
Last Man in Tower,Chandan Roy Sanyal,cast,4,2026-08-28T09:07:18.836143+00:00,,,attached
Last Man in Tower,Sooni Taraporevala,writer,,2026-08-28T09:07:18.836143+00:00,,,attached
Last Man in Tower,Sukant Goel,cast,3,2026-08-28T09:07:18.836143+00:00,,,attached
Men in the Forest,Tobias Glerup Mortensen,cast,3,2026-08-28T09:11:43.706566+00:00,,,attached
Welcome To The Adventure,Ahmed Khan,director,,2026-08-28T09:16:37.275961+00:00,,,attached
Seasons,Elizabeth McGovern,cast,3,2026-08-28T09:20:48.646077+00:00,,,attached
Crazy Liquid Loves,Aimar Labaki,writer,,2026-08-28T09:22:43.780309+00:00,,,attached
Crazy Liquid Loves,Clóvys Tôrres,writer,,2026-08-28T09:22:43.780309+00:00,,,attached
Ria,Ross Pesigan,cast,2,2026-08-28T09:23:20.799140+00:00,,,attached
Ria,Rox Lee,cast,3,2026-08-28T09:23:20.799140+00:00,,,attached
Die Alive,Jamie Dornan,cast,2,2026-08-28T09:26:10.238011+00:00,,,attached
Reset,James Madigan,director,,2026-08-28T09:27:02.689830+00:00,,,attached
Deadlocked,Sasha Calle,cast,1,2026-08-28T09:28:03.156825+00:00,,,attached
The Troop,Chris Basler,writer,,2026-08-28T09:30:17.151511+00:00,,,attached
No Entry 2,Tamannaah Bhatia,cast,3,2026-08-28T09:32:07.639872+00:00,,,attached
Crushtime 2,Elisabeth Espinosa,cast,4,2026-08-28T09:33:51.107535+00:00,,,attached
Don’t Watch Til Christmas,Sue Moore,cast,3,2026-08-28T09:34:04.174144+00:00,,,attached
Don’t Watch Til Christmas,Charlotte Avery,cast,2,2026-08-28T09:34:04.174144+00:00,,,attached
Don’t Watch Til Christmas,Zoe Angeli,cast,4,2026-08-28T09:34:04.174144+00:00,,,attached
Don’t Watch Til Christmas,Johnny Massahi,director,,2026-08-28T09:34:04.174144+00:00,,,attached
Django Undisputed 2 Justice is done,Vincenzo Galluzzo,cast,4,2026-08-28T09:34:25.776674+00:00,,,attached
Go for Broke 2,Isabella Leong Lok-Sze,cast,1,2026-08-28T09:37:44.657655+00:00,,,attached
Go for Broke 2,Marc Ma,cast,4,2026-08-28T09:37:44.657655+00:00,,,attached
Go for Broke 2,Chu Xiaoxiang,cast,5,2026-08-28T09:37:44.657655+00:00,2026-08-31T09:39:50.162599+00:00,72.034862,reverted
Go for Broke 2,Alan Aruna,cast,3,2026-08-28T09:37:44.657655+00:00,,,attached
Steps,Nikki Glaser,cast,4,2026-08-29T09:01:02.372831+00:00,,,attached
Steps,Priscilla Wong,director,,2026-08-29T09:01:02.372831+00:00,,,attached
Steps,Priscilla Wong,writer,,2026-08-29T09:01:02.372831+00:00,,,attached
Obitus,Hasan Bakay,cast,4,2026-08-29T09:01:48.654758+00:00,,,attached
Obitus,Orxan Alməmmədli,cast,3,2026-08-29T09:01:48.654758+00:00,,,attached
Ghost Market,Alkaio Thiele,cast,,2026-08-29T09:02:04.488155+00:00,2026-08-30T09:02:08.095182+00:00,24.001002,reverted
The Little Mammoth,Aleksandr Revva,cast,2,2026-08-29T09:02:54.176133+00:00,,,attached
The Little Mammoth,Vadim Galygin,cast,0,2026-08-29T09:02:54.176133+00:00,,,attached
The Little Mammoth,Yana Churikova,cast,4,2026-08-29T09:02:54.176133+00:00,,,attached
The Little Mammoth,Daniil Prytkov,cast,3,2026-08-29T09:02:54.176133+00:00,,,attached
The Little Mammoth,Pelageya Khanova,cast,1,2026-08-29T09:02:54.176133+00:00,,,attached
Never Surrender,Sidharta Tata,writer,,2026-08-29T09:04:53.967039+00:00,,,attached
Never Surrender,Ismi Melinda,cast,3,2026-08-29T09:04:53.967039+00:00,,,attached
Deep Hallows - A Brazilian Gothic Fable,Antonia Baudouin,writer,,2026-08-29T09:05:21.783669+00:00,,,attached
"Oh, the Places You'll Go!",Yvette Gonzalez-Nacer,cast,3,2026-08-29T09:06:14.331640+00:00,,,attached
"Oh, the Places You'll Go!",Shayna Rose,cast,4,2026-08-29T09:06:14.331640+00:00,,,attached
"Oh, the Places You'll Go!",Kevin B. London,cast,2,2026-08-29T09:06:14.331640+00:00,,,attached
The Unholy 3,Raffa Nazriel Alkhalifi,cast,2,2026-08-29T09:19:28.707431+00:00,,,attached
Resta Um,Fernando Ceylão,director,,2026-08-29T09:24:18.611399+00:00,,,attached
Untitled Saw Film,Tobin Bell,cast,,2026-08-29T09:29:08.071018+00:00,2026-09-01T09:31:05.617702+00:00,72.032652,reverted
Untitled Saw Film,Gianna Jun,cast,,2026-08-29T09:29:08.071018+00:00,2026-09-01T09:31:05.617702+00:00,72.032652,reverted
Untitled Saw Film,Go Soo,cast,,2026-08-29T09:29:08.071018+00:00,2026-09-01T09:31:05.617702+00:00,72.032652,reverted
Untitled Saw Film,Yeon Sang-ho,director,,2026-08-29T09:29:08.071018+00:00,2026-09-01T09:31:05.617702+00:00,72.032652,reverted
Untitled Saw Film,Go Min-si,cast,,2026-08-29T09:29:08.071018+00:00,2026-09-01T09:31:05.617702+00:00,72.032652,reverted
Untitled Saw Film,Park Gyu-young,cast,,2026-08-29T09:29:08.071018+00:00,2026-09-01T09:31:05.617702+00:00,72.032652,reverted
Wake Me Up,Chiara Mastroianni,cast,2,2026-08-29T09:30:38.923751+00:00,,,attached
Wake Me Up,Gilles Lellouche,cast,1,2026-08-29T09:30:38.923751+00:00,,,attached
Wake Me Up,François Favrat,writer,,2026-08-29T09:30:38.923751+00:00,,,attached
Wake Me Up,Galatea Bellugi,cast,3,2026-08-29T09:30:38.923751+00:00,,,attached
Wake Me Up,D’Johé Kouadio,cast,4,2026-08-29T09:30:38.923751+00:00,,,attached
Mahendragiri Varahi,Manju Bhargavi,cast,4,2026-08-29T09:30:41.549481+00:00,,,attached
The Seven Husbands of Evelyn Hugo,Brittany Snow,cast,,2026-08-29T09:33:41.562730+00:00,2026-08-30T09:34:26.071911+00:00,24.012364,reverted
The Seven Husbands of Evelyn Hugo,Anna Kendrick,cast,,2026-08-29T09:33:41.562730+00:00,2026-08-30T09:34:26.071911+00:00,24.012364,reverted
O Homem Que Mordeu o Cão: O Filme,Rui Melo,cast,0,2026-08-29T09:34:49.201132+00:00,,,attached
Nam Eun-jeong,Wi Ha-jun,cast,2,2026-08-29T09:36:55.069835+00:00,,,attached
AWM (Agney Weds Minal),Rishav Agrawal,writer,,2026-08-29T09:37:49.825530+00:00,,,attached
AWM (Agney Weds Minal),Sanjay Mohapatra,cast,4,2026-08-29T09:37:49.825530+00:00,,,attached
Another Ice Cream Man,Paige Howard,cast,3,2026-08-29T09:39:32.121237+00:00,,,attached
Another Ice Cream Man,Carmelo Chimera,director,,2026-08-29T09:39:32.121237+00:00,,,attached
Another Ice Cream Man,Barbarela,cast,4,2026-08-29T09:39:32.121237+00:00,,,attached
Raaka,Janhvi Kapoor,cast,2,2026-08-29T09:39:34.889269+00:00,,,attached
Takluk 2: OP Daulat,Kamal Adli,cast,2,2026-08-29T09:40:40.549925+00:00,,,attached
Untitled Mummy Sequel,Oded Fehr,cast,4,2026-08-30T09:01:14.565786+00:00,,,attached
Mono No Aware,BC Amparado,writer,,2026-08-30T09:02:49.189150+00:00,,,attached
Brotherhood: A Cinematic Musical,Charlotte Hemmings,cast,3,2026-08-30T09:03:55.143215+00:00,,,attached
Brotherhood: A Cinematic Musical,Paulina Reyes,cast,4,2026-08-30T09:03:55.143215+00:00,,,attached
Ma the Matician,Rhee Woo-lim,cast,2,2026-08-30T09:05:18.356591+00:00,,,attached
Musk,Kara Swisher,cast,3,2026-08-30T09:12:23.416097+00:00,,,attached
Musk,Justine Musk,cast,1,2026-08-30T09:12:23.416097+00:00,,,attached
Musk,Ashley St. Clair,cast,2,2026-08-30T09:12:23.416097+00:00,,,attached
Musk,Martin Eberhard,cast,4,2026-08-30T09:12:23.416097+00:00,,,attached
Lunch Hour,Alison Gold,cast,3,2026-08-30T09:14:28.365165+00:00,,,attached
4 Idiots,Ravi Mariya,cast,4,2026-08-30T09:15:44.974496+00:00,,,attached
Agak Laen 3,Raffa Nazriel Alkhalifi,cast,4,2026-08-30T09:17:08.559283+00:00,,,attached
Pathetic Fallacy,Richard Harmon,cast,4,2026-08-30T09:21:19.446470+00:00,,,attached
Race Reboot,Vijay Krishna Acharya,director,,2026-08-30T09:24:42.476820+00:00,,,attached
#Untitled M. S. Subbulakshmi Biopic,Rashmika Mandanna,cast,0,2026-08-30T09:27:18.752477+00:00,,,attached
Chuyến Đi Nhớ Đời,Khuyến Dương,cast,2,2026-08-30T09:29:07.933491+00:00,,,attached
Chuyến Đi Nhớ Đời,Lê Nhựt Phạm huy,director,,2026-08-30T09:29:07.933491+00:00,,,attached
Wet,Rebecca Ferguson,cast,1,2026-08-30T09:29:24.762892+00:00,,,attached
Wet,Odessa A'zion,cast,3,2026-08-30T09:29:24.762892+00:00,,,attached
Wet,Connor Storrie,cast,2,2026-08-30T09:29:24.762892+00:00,,,attached
SUKIYAKI 上を向いて歩こう,Mone Kamishiraishi,cast,4,2026-08-30T09:31:24.768624+00:00,,,attached
Days of Thunder 2,Anne Hathaway,cast,1,2026-08-30T09:33:28.790969+00:00,,,attached
International Women’s day,Milena Pavlović Čučilović,cast,2,2026-08-30T09:37:35.641915+00:00,,,attached
International Women’s day,Nataša Marković,cast,3,2026-08-30T09:37:35.641915+00:00,,,attached
International Women’s day,Lazar Dragojević,cast,4,2026-08-30T09:37:35.641915+00:00,,,attached
Cairo Job,Amir Karara,cast,0,2026-08-30T09:38:44.814595+00:00,,,attached
Cairo Job,Hussien El Menbawy,director,,2026-08-30T09:38:44.814595+00:00,,,attached
The Sorry Generation,Kim Sung-yoon,writer,,2026-08-30T09:39:22.698799+00:00,,,attached
Johan Falk 20,Jonas Fagerström,cast,3,2026-08-30T09:40:12.948739+00:00,,,attached
The Kaoliao Breakout,Christopher Lee,cast,0,2026-08-30T09:44:47.802922+00:00,,,attached
The Kaoliao Breakout,Jack Kao,cast,3,2026-08-30T09:44:47.802922+00:00,,,attached
The Kaoliao Breakout,King Jieh-wen,cast,4,2026-08-30T09:44:47.802922+00:00,,,attached
The Kaoliao Breakout,Sunny Wang,cast,2,2026-08-30T09:44:47.802922+00:00,,,attached
The Kaoliao Breakout,Rexen Cheng,cast,1,2026-08-30T09:44:47.802922+00:00,,,attached
The Kaoliao Breakout,Huang Chao-liang,director,,2026-08-30T09:44:47.802922+00:00,,,attached
Digger,Alejandro G. Iñárritu,writer,,2026-08-31T09:00:31.692458+00:00,,,attached
Digger,Nicolás Giacobone,writer,,2026-08-31T09:00:31.692458+00:00,,,attached
Digger,Sabina Berman,writer,,2026-08-31T09:00:31.692458+00:00,,,attached
Digger,Alexander Dinelaris,writer,,2026-08-31T09:00:31.692458+00:00,,,attached
Sisters,Leon Martínez,cast,2,2026-08-31T09:02:20.703922+00:00,,,attached
Noise of Time,Aleksandr Mindadze,writer,,2026-08-31T09:03:30.522090+00:00,,,attached
Noise of Time,Alexander Terekhov,writer,,2026-08-31T09:03:30.522090+00:00,,,attached
Other People,Tohn,cast,2,2026-08-31T09:12:05.228389+00:00,,,attached
The Old Dog,Li Taige,director,,2026-08-31T09:12:15.233712+00:00,,,attached
Divorce à l'italienne,Philippe Katerine,cast,0,2026-08-31T09:15:23.492865+00:00,,,attached
Divorce à l'italienne,Sophie Letourneur,cast,1,2026-08-31T09:15:23.492865+00:00,,,attached
Badass,Sophie Letourneur,writer,,2026-08-31T09:17:10.787126+00:00,,,attached
"Little Mary, Always a Virgin",Sebastian Stankiewicz,cast,3,2026-08-31T09:17:36.745064+00:00,,,attached
"Little Mary, Always a Virgin",Marta Nieradkiewicz,cast,1,2026-08-31T09:17:36.745064+00:00,,,attached
"Little Mary, Always a Virgin",Krzysztof Zalewski,cast,2,2026-08-31T09:17:36.745064+00:00,,,attached
"Little Mary, Always a Virgin",Antonina Litwiniak,cast,0,2026-08-31T09:17:36.745064+00:00,,,attached
Satan's Slaves 3: Origin,Raffa Nazriel Alkhalifi,cast,2,2026-08-31T09:24:53.290112+00:00,,,attached
Race Reboot,Aamir Khan,cast,0,2026-08-31T09:25:17.203186+00:00,,,attached
Race Reboot,Tiger Shroff,cast,1,2026-08-31T09:25:17.203186+00:00,,,attached
Medalist Movie,Jukki Hanada,writer,,2026-08-31T09:28:10.388517+00:00,,,attached
Medalist Movie,Yuma Uchida,cast,3,2026-08-31T09:28:10.388517+00:00,,,attached
Medalist Movie,Yasutaka Yamamoto,director,,2026-08-31T09:28:10.388517+00:00,,,attached
Harga Teman,Kevin Jones,cast,4,2026-08-31T09:29:00.679783+00:00,,,attached
Tommy Karate,Joseph Gay,writer,,2026-08-31T09:32:06.658094+00:00,,,attached
LeapFrog,Ashley Bell,cast,2,2026-08-31T09:38:20.368385+00:00,,,attached
LeapFrog,Malcolm Barrett,cast,1,2026-08-31T09:38:20.368385+00:00,,,attached
Limiar-4,Victor Hugo Cruz Freire,cast,4,2026-08-31T09:38:38.457964+00:00,,,attached
Limiar-4,Luiz Fernando Neves,cast,3,2026-08-31T09:38:38.457964+00:00,,,attached
Johan Falk 18,Fredrik Dolk,cast,4,2026-08-31T09:39:13.977723+00:00,,,attached
Johan Falk 18,Jonas Fagerström,cast,3,2026-08-31T09:39:13.977723+00:00,,,attached
Go for Broke 2,Sammo Hung Kam-Bo,cast,2,2026-08-31T09:39:50.162599+00:00,,,attached
Johan Falk 19,Fredrik Dolk,cast,4,2026-08-31T09:40:46.270350+00:00,,,attached
Johan Falk 19,Jonas Fagerström,cast,3,2026-08-31T09:40:46.270350+00:00,,,attached
Johan Falk 20,Fredrik Dolk,cast,4,2026-08-31T09:40:46.454822+00:00,,,attached
Nissho,Nasir Uddin Khan,cast,1,2026-08-31T09:42:09.972532+00:00,,,attached
Untitled Alien: Romulus Sequel,Fede Álvarez,writer,,2026-08-31T09:45:23.711201+00:00,,,attached
Untitled Alien: Romulus Sequel,Rodo Sayagues,writer,,2026-08-31T09:45:23.711201+00:00,,,attached
A Talent for Murder,James Faulkner,cast,4,2026-09-01T09:00:57.621691+00:00,,,attached
Daayra,Jitendra Joshi,cast,3,2026-09-01T09:01:29.111603+00:00,,,attached
Daayra,Kshitee Jog,cast,2,2026-09-01T09:01:29.111603+00:00,,,attached
Daayra,Biswapati Sarkar,cast,4,2026-09-01T09:01:29.111603+00:00,,,attached
Special,Mathias Muchus,cast,0,2026-09-01T09:02:01.700263+00:00,,,attached
Special,Agus Kuncoro,cast,3,2026-09-01T09:02:01.700263+00:00,,,attached
Special,Ajil Ditto,cast,2,2026-09-01T09:02:01.700263+00:00,,,attached
Special,Yanni Melwani,cast,1,2026-09-01T09:02:01.700263+00:00,,,attached
Pendulum,Jena Malone,cast,1,2026-09-01T09:02:14.760768+00:00,,,attached
Strong Son,Yuvraj Dhesi,cast,2,2026-09-01T09:02:37.843814+00:00,,,attached
Strong Son,Quinn Greene,cast,4,2026-09-01T09:02:37.843814+00:00,,,attached
Strong Son,Mandeep Sodhi,cast,0,2026-09-01T09:02:37.843814+00:00,,,attached
Strong Son,Amirit Parbhakar,cast,1,2026-09-01T09:02:37.843814+00:00,,,attached
Ground Floor,Ádám Tompa,cast,0,2026-09-01T09:03:16.034271+00:00,,,attached
Mirzapur: The Movie,Ravi Kishan,cast,4,2026-09-01T09:03:23.614689+00:00,,,attached
Mirzapur: The Movie,Jitendra Kumar,cast,3,2026-09-01T09:03:23.614689+00:00,,,attached
Onwards and Sideways,Rory Kinnear,cast,2,2026-09-01T09:03:43.613448+00:00,,,attached
Onwards and Sideways,Monica Dolan,cast,3,2026-09-01T09:03:43.613448+00:00,,,attached
Onwards and Sideways,Isabella Nefar,cast,4,2026-09-01T09:03:43.613448+00:00,,,attached
You're Ghosted,Elle Cole,cast,0,2026-09-01T09:03:51.752885+00:00,,,attached
Sugar,Rosario Mussendijk,cast,4,2026-09-01T09:03:56.309944+00:00,,,attached
Sugar,Latifah Chafery van Callas,cast,2,2026-09-01T09:03:56.309944+00:00,,,attached
Sugar,Noëlle Ferandes Mendes,cast,3,2026-09-01T09:03:56.309944+00:00,,,attached
City Of Gold,Jaffer Idukki,cast,3,2026-09-01T09:12:51.103725+00:00,,,attached
City Of Gold,Alencier Ley Lopez,cast,4,2026-09-01T09:12:51.103725+00:00,,,attached
City Of Gold,Shivathmika,cast,1,2026-09-01T09:12:51.103725+00:00,,,attached
City Of Gold,Amala Shaji,cast,2,2026-09-01T09:12:51.103725+00:00,,,attached
RYUJI ⻯⼆,Ken Miyake,cast,3,2026-09-01T09:12:56.278941+00:00,,,attached
RYUJI ⻯⼆,JUNON,cast,4,2026-09-01T09:12:56.278941+00:00,,,attached
DeSu7,Rohit Soumya,writer,,2026-09-01T09:13:01.684646+00:00,,,attached
DeSu7,Samrat Sharma,writer,,2026-09-01T09:13:01.684646+00:00,,,attached
Veeradhi Veerulanta,Aishwarya Rajesh,cast,3,2026-09-01T09:13:03.092594+00:00,,,attached
Veeradhi Veerulanta,Malavika Mohanan,cast,2,2026-09-01T09:13:03.092594+00:00,,,attached
OKTAGON 93: Roušal vs. Mågård,Ondřej Novotný,cast,4,2026-09-01T09:14:25.798188+00:00,,,attached
Romeo Pictures 11,Shivathmika,cast,2,2026-09-01T09:14:50.916655+00:00,,,attached
Romeo Pictures 11,Vijay Varma,cast,1,2026-09-01T09:14:50.916655+00:00,,,attached
Himel Ashraf's Next,Monwar Hossain Dipjol,cast,1,2026-09-01T09:17:47.085781+00:00,,,attached
Chị Chị Em Em 3,Quốc Anh,cast,2,2026-09-01T09:19:02.510589+00:00,,,attached
Oddly Flowers,Melanie Nicholls-King,cast,4,2026-09-01T09:20:14.158392+00:00,,,attached
Felix,Josh Duhamel,cast,0,2026-09-01T09:24:12.265145+00:00,,,attached
Felix,Joe Carnahan,writer,,2026-09-01T09:24:12.265145+00:00,,,attached
Felix,John Kissack,writer,,2026-09-01T09:24:12.265145+00:00,,,attached
Credit Score,Arjun TS,writer,,2026-09-01T09:24:30.481994+00:00,,,attached
For We Are Many 2: Lovecraft,Tom Staunton,director,,2026-09-01T09:30:34.373654+00:00,,,attached
For We Are Many 2: Lovecraft,Oliver Revie,director,,2026-09-01T09:30:34.373654+00:00,,,attached
Deadlocked,Luke Hemsworth,cast,3,2026-09-01T09:30:50.075907+00:00,,,attached
Deadlocked,KiKi Layne,cast,2,2026-09-01T09:30:50.075907+00:00,,,attached
Copperhead,Kiefer Sutherland,cast,4,2026-09-01T09:31:56.482127+00:00,,,attached
Copperhead,Tenoch Huerta Mejía,cast,2,2026-09-01T09:31:56.482127+00:00,,,attached
Copperhead,Jason Momoa,cast,1,2026-09-01T09:31:56.482127+00:00,,,attached
Copperhead,Adria Arjona,cast,3,2026-09-01T09:31:56.482127+00:00,,,attached
Intrigued,Leonard Frost,cast,4,2026-09-01T09:37:18.177909+00:00,,,attached
The Arrival,Joshua Reid,cast,4,2026-09-01T09:43:01.567239+00:00,,,attached
